{
  "dual_encoder": {
    "MRR@1": 0.3,
    "MAP@1": 0.3,
    "Recall@1": 0.014143763213530659,
    "Precision@1": 0.3,
    "MRR@3": 0.4666666666666666,
    "MAP@3": 0.3333333333333333,
    "Recall@3": 0.10713368027321517,
    "Precision@3": 0.4333333333333333,
    "MRR@5": 0.48666666666666664,
    "MAP@5": 0.30216666666666664,
    "Recall@5": 0.19501870222800455,
    "Precision@5": 0.42000000000000004
  }
}